combo_id,module,task,model,device,dataset,fe_preset,outcome,exit_code,wall_seconds,artifact_training_base,artifact_training_quantization,error_signature
arc_fault__ArcFault_model_1400_t,timeseries,arc_fault,ArcFault_model_1400_t,F280013,arc_fault_classification,ArcFault_1024Input_256Feature_1Frame_Full_Bandwidth,TRAIN-FAIL,1,11.1,False,False,"ValueError: Model 'CNN_AF_3L_1400' not found in registry or specified model_spec. Available models: ['RES_CAT_CNN_TS_GEN_BASE_3K', 'RES_ADD_CNN_TS_GEN_BASE_3K', 'HAR_TINIE_CNN_2K', 'YOLO_Classifier_8K"
arc_fault__ArcFault_model_200_t,timeseries,arc_fault,ArcFault_model_200_t,F280013,arc_fault_classification,ArcFault_1024Input_256Feature_1Frame_Full_Bandwidth,TRAIN-FAIL,1,11.4,False,False,"ValueError: Model 'CNN_AF_3L_200' not found in registry or specified model_spec. Available models: ['RES_CAT_CNN_TS_GEN_BASE_3K', 'RES_ADD_CNN_TS_GEN_BASE_3K', 'HAR_TINIE_CNN_2K', 'YOLO_Classifier_8K'"
arc_fault__ArcFault_model_300_t,timeseries,arc_fault,ArcFault_model_300_t,F280013,arc_fault_classification,ArcFault_1024Input_256Feature_1Frame_Full_Bandwidth,TRAIN-FAIL,1,11.5,False,False,"ValueError: Model 'CNN_AF_3L_300' not found in registry or specified model_spec. Available models: ['RES_CAT_CNN_TS_GEN_BASE_3K', 'RES_ADD_CNN_TS_GEN_BASE_3K', 'HAR_TINIE_CNN_2K', 'YOLO_Classifier_8K'"
arc_fault__ArcFault_model_700_t,timeseries,arc_fault,ArcFault_model_700_t,F280013,arc_fault_classification,ArcFault_1024Input_256Feature_1Frame_Full_Bandwidth,TRAIN-FAIL,1,11.1,False,False,"ValueError: Model 'CNN_AF_3L_700' not found in registry or specified model_spec. Available models: ['RES_CAT_CNN_TS_GEN_BASE_3K', 'RES_ADD_CNN_TS_GEN_BASE_3K', 'HAR_TINIE_CNN_2K', 'YOLO_Classifier_8K'"
blower_imbalance__FanImbalance_model_1_t,timeseries,blower_imbalance,FanImbalance_model_1_t,F280013,,,BLOCKED,,0,,,no dataset in DATASET_REGISTRY for this task
blower_imbalance__FanImbalance_model_2_t,timeseries,blower_imbalance,FanImbalance_model_2_t,F280013,,,BLOCKED,,0,,,no dataset in DATASET_REGISTRY for this task
blower_imbalance__FanImbalance_model_3_t,timeseries,blower_imbalance,FanImbalance_model_3_t,F280013,,,BLOCKED,,0,,,no dataset in DATASET_REGISTRY for this task
ecg_classification__ECG_55k_NPU,timeseries,ecg_classification,ECG_55k_NPU,F280013,ecg_classification,,TRAIN-FAIL,1,8.5,False,False,KeyError: 'ecg_classification'
generic_timeseries_anomalydetection__AD_10k_NPU,timeseries,generic_timeseries_anomalydetection,AD_10k_NPU,F280013,generic_timeseries_anomalydetection,,CONFIG-INVALID,2,0,,,ERROR: Dataset missing 'annotations/' subdirectory: /var/folders/tt/qgqs8ykx49n82lmhllx8mszr0000gn/T/mtx-dry-qbq4qdnk/proj/dataset
generic_timeseries_anomalydetection__AD_16k,timeseries,generic_timeseries_anomalydetection,AD_16k,F280013,generic_timeseries_anomalydetection,,CONFIG-INVALID,2,0,,,ERROR: Dataset missing 'annotations/' subdirectory: /var/folders/tt/qgqs8ykx49n82lmhllx8mszr0000gn/T/mtx-dry-riiqm7re/proj/dataset
generic_timeseries_anomalydetection__AD_17k,timeseries,generic_timeseries_anomalydetection,AD_17k,F280013,generic_timeseries_anomalydetection,,CONFIG-INVALID,2,0,,,ERROR: Dataset missing 'annotations/' subdirectory: /var/folders/tt/qgqs8ykx49n82lmhllx8mszr0000gn/T/mtx-dry-5j9oc7w1/proj/dataset
generic_timeseries_anomalydetection__AD_1k,timeseries,generic_timeseries_anomalydetection,AD_1k,F280013,generic_timeseries_anomalydetection,,CONFIG-INVALID,2,0,,,ERROR: Dataset missing 'annotations/' subdirectory: /var/folders/tt/qgqs8ykx49n82lmhllx8mszr0000gn/T/mtx-dry-g379ecmz/proj/dataset
generic_timeseries_anomalydetection__AD_20k_NPU,timeseries,generic_timeseries_anomalydetection,AD_20k_NPU,F280013,generic_timeseries_anomalydetection,,CONFIG-INVALID,2,0,,,ERROR: Dataset missing 'annotations/' subdirectory: /var/folders/tt/qgqs8ykx49n82lmhllx8mszr0000gn/T/mtx-dry-z1_jzps9/proj/dataset
generic_timeseries_anomalydetection__AD_2k_NPU,timeseries,generic_timeseries_anomalydetection,AD_2k_NPU,F280013,generic_timeseries_anomalydetection,,CONFIG-INVALID,2,0,,,ERROR: Dataset missing 'annotations/' subdirectory: /var/folders/tt/qgqs8ykx49n82lmhllx8mszr0000gn/T/mtx-dry-1ozqgjrh/proj/dataset
generic_timeseries_anomalydetection__AD_4k,timeseries,generic_timeseries_anomalydetection,AD_4k,F280013,generic_timeseries_anomalydetection,,CONFIG-INVALID,2,0,,,ERROR: Dataset missing 'annotations/' subdirectory: /var/folders/tt/qgqs8ykx49n82lmhllx8mszr0000gn/T/mtx-dry-7zylw5jk/proj/dataset
generic_timeseries_anomalydetection__AD_500_NPU,timeseries,generic_timeseries_anomalydetection,AD_500_NPU,F280013,generic_timeseries_anomalydetection,,CONFIG-INVALID,2,0,,,ERROR: Dataset missing 'annotations/' subdirectory: /var/folders/tt/qgqs8ykx49n82lmhllx8mszr0000gn/T/mtx-dry-4fe6o9xa/proj/dataset
generic_timeseries_anomalydetection__AD_6k_NPU,timeseries,generic_timeseries_anomalydetection,AD_6k_NPU,F280013,generic_timeseries_anomalydetection,,CONFIG-INVALID,2,0,,,ERROR: Dataset missing 'annotations/' subdirectory: /var/folders/tt/qgqs8ykx49n82lmhllx8mszr0000gn/T/mtx-dry-voho6onn/proj/dataset
generic_timeseries_anomalydetection__AD_8k_NPU,timeseries,generic_timeseries_anomalydetection,AD_8k_NPU,F280013,generic_timeseries_anomalydetection,,CONFIG-INVALID,2,0,,,ERROR: Dataset missing 'annotations/' subdirectory: /var/folders/tt/qgqs8ykx49n82lmhllx8mszr0000gn/T/mtx-dry-x8u7qy3t/proj/dataset
generic_timeseries_anomalydetection__AD_Linear,timeseries,generic_timeseries_anomalydetection,AD_Linear,F280013,generic_timeseries_anomalydetection,,CONFIG-INVALID,2,0,,,ERROR: Dataset missing 'annotations/' subdirectory: /var/folders/tt/qgqs8ykx49n82lmhllx8mszr0000gn/T/mtx-dry-30k66y93/proj/dataset
generic_timeseries_anomalydetection__Ondevice_Trainable_AD_Linear,timeseries,generic_timeseries_anomalydetection,Ondevice_Trainable_AD_Linear,F280013,generic_timeseries_anomalydetection,,CONFIG-INVALID,2,0,,,ERROR: Dataset missing 'annotations/' subdirectory: /var/folders/tt/qgqs8ykx49n82lmhllx8mszr0000gn/T/mtx-dry-yy0uhnqs/proj/dataset
generic_timeseries_classification__CLS_1.2k_NPU,timeseries,generic_timeseries_classification,CLS_1.2k_NPU,F280013,generic_timeseries_classification,Generic_256Input_RAW_256Feature_1Frame,PASS-WITH-PRESET,0,382.5,True,True,
generic_timeseries_classification__CLS_1.5k_NPU,timeseries,generic_timeseries_classification,CLS_1.5k_NPU,F280013,generic_timeseries_classification,Generic_256Input_RAW_256Feature_1Frame,PASS-WITH-PRESET,0,355.4,True,True,
generic_timeseries_classification__CLS_1.9k_NPU,timeseries,generic_timeseries_classification,CLS_1.9k_NPU,F280013,generic_timeseries_classification,Generic_256Input_RAW_256Feature_1Frame,PASS-WITH-PRESET,0,391.7,True,True,
generic_timeseries_classification__CLS_100_NPU,timeseries,generic_timeseries_classification,CLS_100_NPU,F280013,generic_timeseries_classification,Generic_256Input_RAW_256Feature_1Frame,PASS-WITH-PRESET,0,354.0,True,True,
generic_timeseries_classification__CLS_13k_NPU,timeseries,generic_timeseries_classification,CLS_13k_NPU,F280013,generic_timeseries_classification,Generic_256Input_RAW_256Feature_1Frame,PASS-WITH-PRESET,0,385.8,True,True,
generic_timeseries_classification__CLS_1k_NPU,timeseries,generic_timeseries_classification,CLS_1k_NPU,F280013,generic_timeseries_classification,Generic_256Input_RAW_256Feature_1Frame,PASS-WITH-PRESET,0,362.0,True,True,
generic_timeseries_classification__CLS_2.8k_NPU,timeseries,generic_timeseries_classification,CLS_2.8k_NPU,F280013,generic_timeseries_classification,Generic_256Input_RAW_256Feature_1Frame,PASS-WITH-PRESET,0,346.0,True,True,
generic_timeseries_classification__CLS_20k_NPU,timeseries,generic_timeseries_classification,CLS_20k_NPU,F280013,generic_timeseries_classification,Generic_256Input_RAW_256Feature_1Frame,PASS-WITH-PRESET,0,558.6,True,True,
generic_timeseries_classification__CLS_2k_NPU,timeseries,generic_timeseries_classification,CLS_2k_NPU,F280013,generic_timeseries_classification,Generic_256Input_RAW_256Feature_1Frame,PASS-WITH-PRESET,0,393.1,True,True,
generic_timeseries_classification__CLS_3.1k_NPU,timeseries,generic_timeseries_classification,CLS_3.1k_NPU,F280013,generic_timeseries_classification,Generic_256Input_RAW_256Feature_1Frame,PASS-WITH-PRESET,0,356.9,True,True,
generic_timeseries_classification__CLS_3.9k_NPU,timeseries,generic_timeseries_classification,CLS_3.9k_NPU,F280013,generic_timeseries_classification,Generic_256Input_RAW_256Feature_1Frame,PASS-WITH-PRESET,0,353.9,True,True,
generic_timeseries_classification__CLS_4.2k_NPU,timeseries,generic_timeseries_classification,CLS_4.2k_NPU,F280013,generic_timeseries_classification,Generic_256Input_RAW_256Feature_1Frame,PASS-WITH-PRESET,0,354.2,True,True,
generic_timeseries_classification__CLS_40k_NPU,timeseries,generic_timeseries_classification,CLS_40k_NPU,F280013,generic_timeseries_classification,Generic_256Input_RAW_256Feature_1Frame,PASS-WITH-PRESET,0,677.5,True,True,
generic_timeseries_classification__CLS_4k_NPU,timeseries,generic_timeseries_classification,CLS_4k_NPU,F280013,generic_timeseries_classification,Generic_256Input_RAW_256Feature_1Frame,PASS-WITH-PRESET,0,352.4,True,True,
generic_timeseries_classification__CLS_500_NPU,timeseries,generic_timeseries_classification,CLS_500_NPU,F280013,generic_timeseries_classification,Generic_256Input_RAW_256Feature_1Frame,PASS-WITH-PRESET,0,343.5,True,True,
generic_timeseries_classification__CLS_55k_NPU,timeseries,generic_timeseries_classification,CLS_55k_NPU,F280013,generic_timeseries_classification,Generic_256Input_RAW_256Feature_1Frame,PASS-WITH-PRESET,0,400.4,True,True,
generic_timeseries_classification__CLS_5k_NPU,timeseries,generic_timeseries_classification,CLS_5k_NPU,F280013,generic_timeseries_classification,Generic_256Input_RAW_256Feature_1Frame,PASS-WITH-PRESET,0,352.7,True,True,
generic_timeseries_classification__CLS_6k_NPU,timeseries,generic_timeseries_classification,CLS_6k_NPU,F280013,generic_timeseries_classification,Generic_256Input_RAW_256Feature_1Frame,PASS-WITH-PRESET,0,473.6,True,True,
generic_timeseries_classification__CLS_8k_NPU,timeseries,generic_timeseries_classification,CLS_8k_NPU,F280013,generic_timeseries_classification,Generic_256Input_RAW_256Feature_1Frame,PASS-WITH-PRESET,0,507.6,True,True,
generic_timeseries_classification__CLS_ResAdd_3k,timeseries,generic_timeseries_classification,CLS_ResAdd_3k,F280015,generic_timeseries_classification,Generic_256Input_RAW_256Feature_1Frame,PASS-WITH-PRESET,0,340.2,True,True,
generic_timeseries_classification__CLS_ResCat_3k,timeseries,generic_timeseries_classification,CLS_ResCat_3k,F280013,generic_timeseries_classification,Generic_256Input_RAW_256Feature_1Frame,PASS-WITH-PRESET,0,340.7,True,True,
generic_timeseries_classification__ElectricalFault_model_40k_t,timeseries,generic_timeseries_classification,ElectricalFault_model_40k_t,MSPM0G3507,generic_timeseries_classification,Generic_256Input_RAW_256Feature_1Frame,PASS-WITH-PRESET,0,671.7,True,True,
generic_timeseries_classification__GearboxFault_model_1.2k_t,timeseries,generic_timeseries_classification,GearboxFault_model_1.2k_t,MSPM0G3507,generic_timeseries_classification,Generic_256Input_RAW_256Feature_1Frame,PASS-WITH-PRESET,0,362.7,True,True,
generic_timeseries_classification__GearboxFault_model_1.5k_t,timeseries,generic_timeseries_classification,GearboxFault_model_1.5k_t,MSPM0G3507,generic_timeseries_classification,Generic_256Input_RAW_256Feature_1Frame,PASS-WITH-PRESET,0,343.1,True,True,
generic_timeseries_forecasting__FCST_10k_NPU,timeseries,generic_timeseries_forecasting,FCST_10k_NPU,F280013,generic_timeseries_forecasting,(none found),FE-MISMATCH,1,7.4,False,False,Exception: Not enough dimensions present. Extract more features
generic_timeseries_forecasting__FCST_13k,timeseries,generic_timeseries_forecasting,FCST_13k,F280013,generic_timeseries_forecasting,(none found),FE-MISMATCH,1,7.3,False,False,Exception: Not enough dimensions present. Extract more features
generic_timeseries_forecasting__FCST_1k_NPU,timeseries,generic_timeseries_forecasting,FCST_1k_NPU,F280013,generic_timeseries_forecasting,(none found),FE-MISMATCH,1,7.3,False,False,Exception: Not enough dimensions present. Extract more features
generic_timeseries_forecasting__FCST_20k_NPU,timeseries,generic_timeseries_forecasting,FCST_20k_NPU,F280013,generic_timeseries_forecasting,(none found),FE-MISMATCH,1,7.4,False,False,Exception: Not enough dimensions present. Extract more features
generic_timeseries_forecasting__FCST_2k_NPU,timeseries,generic_timeseries_forecasting,FCST_2k_NPU,F280013,generic_timeseries_forecasting,(none found),FE-MISMATCH,1,7.5,False,False,Exception: Not enough dimensions present. Extract more features
generic_timeseries_forecasting__FCST_3k,timeseries,generic_timeseries_forecasting,FCST_3k,F280013,generic_timeseries_forecasting,(none found),FE-MISMATCH,1,7.5,False,False,Exception: Not enough dimensions present. Extract more features
generic_timeseries_forecasting__FCST_4k_NPU,timeseries,generic_timeseries_forecasting,FCST_4k_NPU,F280013,generic_timeseries_forecasting,(none found),FE-MISMATCH,1,7.4,False,False,Exception: Not enough dimensions present. Extract more features
generic_timeseries_forecasting__FCST_500_NPU,timeseries,generic_timeseries_forecasting,FCST_500_NPU,F280013,generic_timeseries_forecasting,(none found),FE-MISMATCH,1,7.5,False,False,Exception: Not enough dimensions present. Extract more features
generic_timeseries_forecasting__FCST_6k_NPU,timeseries,generic_timeseries_forecasting,FCST_6k_NPU,F280013,generic_timeseries_forecasting,(none found),FE-MISMATCH,1,7.4,False,False,Exception: Not enough dimensions present. Extract more features
generic_timeseries_forecasting__FCST_8k_NPU,timeseries,generic_timeseries_forecasting,FCST_8k_NPU,F280013,generic_timeseries_forecasting,(none found),FE-MISMATCH,1,7.5,False,False,Exception: Not enough dimensions present. Extract more features
generic_timeseries_forecasting__FCST_LSTM10,timeseries,generic_timeseries_forecasting,FCST_LSTM10,F280013,generic_timeseries_forecasting,(none found),FE-MISMATCH,1,7.5,False,False,Exception: Not enough dimensions present. Extract more features
generic_timeseries_forecasting__FCST_LSTM8,timeseries,generic_timeseries_forecasting,FCST_LSTM8,F280013,generic_timeseries_forecasting,(none found),FE-MISMATCH,1,7.4,False,False,Exception: Not enough dimensions present. Extract more features
generic_timeseries_regression__REGR_10k,timeseries,generic_timeseries_regression,REGR_10k,F280013,generic_timeseries_regression,Generic_8Input_ABS_8Feature_1Frame,ARTIFACT-MISSING,0,7.5,False,False,File: /var/folders/tt/qgqs8ykx49n82lmhllx8mszr0000gn/T/mtx-fb-7vnq3gdt/proj/run/dataset/files/file_4.csv. Error message: index 2 is out of bounds for axis 0 with size 2
generic_timeseries_regression__REGR_13k,timeseries,generic_timeseries_regression,REGR_13k,F280013,generic_timeseries_regression,Generic_8Input_ABS_8Feature_1Frame,ARTIFACT-MISSING,0,7.6,False,False,File: /var/folders/tt/qgqs8ykx49n82lmhllx8mszr0000gn/T/mtx-fb-prtaoz71/proj/run/dataset/files/file_4.csv. Error message: index 2 is out of bounds for axis 0 with size 2
generic_timeseries_regression__REGR_1k,timeseries,generic_timeseries_regression,REGR_1k,F280013,generic_timeseries_regression,Generic_8Input_ABS_8Feature_1Frame,ARTIFACT-MISSING,0,7.5,False,False,File: /var/folders/tt/qgqs8ykx49n82lmhllx8mszr0000gn/T/mtx-fb-7eu3dw15/proj/run/dataset/files/file_4.csv. Error message: index 2 is out of bounds for axis 0 with size 2
generic_timeseries_regression__REGR_20k_NPU,timeseries,generic_timeseries_regression,REGR_20k_NPU,F280013,generic_timeseries_regression,Generic_8Input_ABS_8Feature_1Frame,ARTIFACT-MISSING,0,7.6,False,False,File: /var/folders/tt/qgqs8ykx49n82lmhllx8mszr0000gn/T/mtx-fb-r9pz2szt/proj/run/dataset/files/file_4.csv. Error message: index 2 is out of bounds for axis 0 with size 2
generic_timeseries_regression__REGR_2k,timeseries,generic_timeseries_regression,REGR_2k,F280013,generic_timeseries_regression,Generic_8Input_ABS_8Feature_1Frame,ARTIFACT-MISSING,0,7.6,False,False,File: /var/folders/tt/qgqs8ykx49n82lmhllx8mszr0000gn/T/mtx-fb-z_dquryo/proj/run/dataset/files/file_4.csv. Error message: index 2 is out of bounds for axis 0 with size 2
generic_timeseries_regression__REGR_2k_NPU,timeseries,generic_timeseries_regression,REGR_2k_NPU,F280013,generic_timeseries_regression,Generic_8Input_ABS_8Feature_1Frame,ARTIFACT-MISSING,0,7.8,False,False,File: /var/folders/tt/qgqs8ykx49n82lmhllx8mszr0000gn/T/mtx-fb-o7i_zqrj/proj/run/dataset/files/file_4.csv. Error message: index 2 is out of bounds for axis 0 with size 2
generic_timeseries_regression__REGR_3k,timeseries,generic_timeseries_regression,REGR_3k,F280013,generic_timeseries_regression,Generic_8Input_ABS_8Feature_1Frame,ARTIFACT-MISSING,0,7.5,False,False,File: /var/folders/tt/qgqs8ykx49n82lmhllx8mszr0000gn/T/mtx-fb-q3uuy5qe/proj/run/dataset/files/file_4.csv. Error message: index 2 is out of bounds for axis 0 with size 2
generic_timeseries_regression__REGR_4k,timeseries,generic_timeseries_regression,REGR_4k,F280013,generic_timeseries_regression,Generic_8Input_ABS_8Feature_1Frame,ARTIFACT-MISSING,0,7.5,False,False,File: /var/folders/tt/qgqs8ykx49n82lmhllx8mszr0000gn/T/mtx-fb-esdulr71/proj/run/dataset/files/file_4.csv. Error message: index 2 is out of bounds for axis 0 with size 2
generic_timeseries_regression__REGR_500_NPU,timeseries,generic_timeseries_regression,REGR_500_NPU,F280013,generic_timeseries_regression,Generic_8Input_ABS_8Feature_1Frame,ARTIFACT-MISSING,0,7.5,False,False,File: /var/folders/tt/qgqs8ykx49n82lmhllx8mszr0000gn/T/mtx-fb-iighmk3e/proj/run/dataset/files/file_4.csv. Error message: index 2 is out of bounds for axis 0 with size 2
generic_timeseries_regression__REGR_6k_NPU,timeseries,generic_timeseries_regression,REGR_6k_NPU,F280013,generic_timeseries_regression,Generic_8Input_ABS_8Feature_1Frame,ARTIFACT-MISSING,0,7.5,False,False,File: /var/folders/tt/qgqs8ykx49n82lmhllx8mszr0000gn/T/mtx-fb-upinv4xi/proj/run/dataset/files/file_4.csv. Error message: index 2 is out of bounds for axis 0 with size 2
generic_timeseries_regression__REGR_8k_NPU,timeseries,generic_timeseries_regression,REGR_8k_NPU,F280013,generic_timeseries_regression,Generic_8Input_ABS_8Feature_1Frame,ARTIFACT-MISSING,0,7.4,False,False,File: /var/folders/tt/qgqs8ykx49n82lmhllx8mszr0000gn/T/mtx-fb-z8q7w8gl/proj/run/dataset/files/file_4.csv. Error message: index 2 is out of bounds for axis 0 with size 2
motor_fault__MotorFault_model_1_t,timeseries,motor_fault,MotorFault_model_1_t,F280013,fan_blade_fault,Input128_RAW_128Feature_1Frame_3InputChannel_removeDC_2D1,TRAIN-FAIL,1,12.2,False,False,"ValueError: Model 'CNN_MF_1L' not found in registry or specified model_spec. Available models: ['RES_CAT_CNN_TS_GEN_BASE_3K', 'RES_ADD_CNN_TS_GEN_BASE_3K', 'HAR_TINIE_CNN_2K', 'YOLO_Classifier_8K', 'C"
motor_fault__MotorFault_model_2_t,timeseries,motor_fault,MotorFault_model_2_t,F280013,fan_blade_fault,Input128_RAW_128Feature_1Frame_3InputChannel_removeDC_2D1,TRAIN-FAIL,1,12.1,False,False,"ValueError: Model 'CNN_MF_2L' not found in registry or specified model_spec. Available models: ['RES_CAT_CNN_TS_GEN_BASE_3K', 'RES_ADD_CNN_TS_GEN_BASE_3K', 'HAR_TINIE_CNN_2K', 'YOLO_Classifier_8K', 'C"
motor_fault__MotorFault_model_3_t,timeseries,motor_fault,MotorFault_model_3_t,F280013,fan_blade_fault,Input128_RAW_128Feature_1Frame_3InputChannel_removeDC_2D1,TRAIN-FAIL,1,12.1,False,False,"ValueError: Model 'CNN_MF_3L' not found in registry or specified model_spec. Available models: ['RES_CAT_CNN_TS_GEN_BASE_3K', 'RES_ADD_CNN_TS_GEN_BASE_3K', 'HAR_TINIE_CNN_2K', 'YOLO_Classifier_8K', 'C"
pir_detection__PIRDetection_model_1_t,timeseries,pir_detection,PIRDetection_model_1_t,CC2755,pir_detection,PIRDetection_125Input_25Feature_25Frame_1InputChannel_2D,TRAIN-FAIL,1,249.2,True,False,"AssertionError: min tensor([nan, nan, nan, nan, nan, nan, nan, nan]) should be less than max tensor([nan, nan, nan, nan, nan, nan, nan, nan])"
audio_classification__DSCNN_NPU,audio,audio_classification,DSCNN_NPU,MSPM0G3507,generic_audio_classification,,CONFIG-INVALID,2,0,,,ERROR: Dataset missing 'annotations/' subdirectory: /var/folders/tt/qgqs8ykx49n82lmhllx8mszr0000gn/T/mtx-dry-kx07bi8t/proj/dataset
image_classification__Lenet5,vision,image_classification,Lenet5,MSPM0G3507,mnist_image_classification,,CONFIG-INVALID,2,0,,,ERROR: Dataset missing 'annotations/' subdirectory: /var/folders/tt/qgqs8ykx49n82lmhllx8mszr0000gn/T/mtx-dry-e33g6g6u/proj/dataset
image_classification__MobileNetV1_58k_NPU,vision,image_classification,MobileNetV1_58k_NPU,MSPM0G3507,mnist_image_classification,,CONFIG-INVALID,2,0,,,ERROR: Dataset missing 'annotations/' subdirectory: /var/folders/tt/qgqs8ykx49n82lmhllx8mszr0000gn/T/mtx-dry-9d3y97o_/proj/dataset
image_classification__MobileNetV2_58k_NPU,vision,image_classification,MobileNetV2_58k_NPU,MSPM0G3507,mnist_image_classification,,CONFIG-INVALID,2,0,,,ERROR: Dataset missing 'annotations/' subdirectory: /var/folders/tt/qgqs8ykx49n82lmhllx8mszr0000gn/T/mtx-dry-r2hlonq8/proj/dataset
